{"actions":[],"apps":[{"acl":{"app":[],"field":[],"record":[]},"app":null,"category":{"categories":[],"useCategory":"false"},"form":{"layout":"[{\"id\":null,\"type\":\"ROW\",\"isSubTable\":false,\"var\":null,\"controlList\":[{\"isVirtical\":true,\"styleMap\":{\"width\":193},\"type\":\"SINGLE_LINE_TEXT\",\"var\":\"order_id\",\"label\":\"order_id\"},{\"isVirtical\":true,\"styleMap\":{\"width\":192},\"type\":\"SINGLE_LINE_TEXT\",\"var\":\"user_id\",\"label\":\"user_id\"}]},{\"id\":null,\"type\":\"ROW\",\"isSubTable\":false,\"var\":null,\"controlList\":[{\"isVirtical\":true,\"styleMap\":{\"width\":192},\"type\":\"SINGLE_LINE_TEXT\",\"var\":\"title\",\"label\":\"title\"},{\"isVirtical\":true,\"styleMap\":{\"width\":193},\"type\":\"DECIMAL\",\"var\":\"amount\",\"label\":\"amount\"},{\"isVirtical\":true,\"styleMap\":{\"width\":193},\"type\":\"SINGLE_LINE_TEXT\",\"var\":\"currency\",\"label\":\"currency\"},{\"isVirtical\":true,\"styleMap\":{\"width\":196},\"type\":\"SINGLE_SELECT\",\"var\":\"pay_state\",\"label\":\"pay_state\"},{\"isVirtical\":true,\"styleMap\":{\"width\":193},\"type\":\"SINGLE_LINE_TEXT\",\"var\":\"transaction_id\",\"label\":\"transaction_id\"}]},{\"id\":null,\"type\":\"ROW\",\"isSubTable\":false,\"var\":null,\"controlList\":[{\"isVirtical\":true,\"styleMap\":{\"width\":196},\"type\":\"DATETIME\",\"var\":\"ordered_date\",\"label\":\"ordered_date\"},{\"isVirtical\":true,\"styleMap\":{\"width\":196},\"type\":\"DATETIME\",\"var\":\"paid_date\",\"label\":\"paid_date\"}]},{\"id\":null,\"type\":\"ROW\",\"isSubTable\":false,\"var\":null,\"controlList\":[{\"isVirtical\":true,\"styleMap\":{\"width\":193},\"type\":\"SINGLE_LINE_TEXT\",\"var\":\"shipping_method\",\"label\":\"shipping_method\"},{\"isVirtical\":true,\"styleMap\":{\"width\":193},\"type\":\"DECIMAL\",\"var\":\"shipping_fee_amount\",\"label\":\"shipping_fee_amount\"}]},{\"id\":null,\"type\":\"ROW\",\"isSubTable\":false,\"var\":null,\"controlList\":[{\"styleMap\":{\"width\":135},\"type\":\"HR\"}]},{\"id\":null,\"type\":\"ROW\",\"isSubTable\":false,\"var\":\"Table\",\"controlList\":[{\"isVirtical\":true,\"styleMap\":{},\"type\":\"REFERENCE_TABLE\",\"var\":\"ordered_items\",\"label\":\"ordered_items\"}]}]","revision":null},"iconMeta":null,"info":{"automaticallyChooseTitleComponent":"true","code":null,"decimalPrecision":"16","decimalScale":"4","description":"\u003Cdiv\u003ELINE Pay ハンズオン用の決済情報管理アプリ\u003C/div\u003E","enableBulkDeletion":"true","fiscalYearStartMonth":"4","iconKey":"APP85","iconType":"PRESET","jsFiles":null,"jsScope":"ALL","name":"HandsOnPayBot 決済情報","roundingMode":"HALF_EVEN","theme":"PLAIN","titleComponentLocalId":null,"useComment":"true","useHistory":"true","useThumbnail":"true"},"jsFiles":[],"notification":{"appNotifications":[{"events":["RECORD_COMMENT_ADDED"],"target":{"entityId":"5118015","entityType":"FIELD_ENTITY","includeSubs":"false"}},{"events":["RECORD_COMMENT_ADDED"],"target":{"entityId":"5118016","entityType":"FIELD_ENTITY","includeSubs":"false"}}],"recordNotifications":[],"reminderTimezone":null,"reminders":[],"useComment":"true","useReminder":"false"},"plugin":{"pluginIds":[]},"reports":[{"advancedMode":"false","filter":{"category":null,"offset":null,"order":[],"q":"f5118028 in (\"5118023\")","size":null,"sort":[]},"isAborted":null,"name":"購入者別売上グラフ","processType":null,"report":"5118041","reportType":"SUBTOTAL","revision":null,"settings":"{\"groups\":[{\"id\":\"5118025\",\"op\":null}],\"summaries\":[{\"op\":\"SUM\",\"id\":\"5118027\"}],\"chartType\":\"column\",\"stackType\":\"clustered\",\"sort\":[\"s0\"],\"order\":[\"DESC\"]}","tallyPeriod":null,"tallyStartDateTime":null}],"resource":{"tables":[{"rows":[{"fields":[],"objectId":"0","subObjectId":"-1"}],"type":"AppName"},{"rows":[{"fields":[],"objectId":"0","subObjectId":"-1"}],"type":"AppDescription"},{"rows":[{"fields":[],"objectId":"5118014","subObjectId":"-1"},{"fields":[],"objectId":"5118015","subObjectId":"-1"},{"fields":[],"objectId":"5118016","subObjectId":"-1"},{"fields":[],"objectId":"5118017","subObjectId":"-1"},{"fields":[],"objectId":"5118018","subObjectId":"-1"},{"fields":[],"objectId":"5118019","subObjectId":"-1"},{"fields":[],"objectId":"5118020","subObjectId":"-1"},{"fields":[],"objectId":"5118021","subObjectId":"-1"},{"fields":[],"objectId":"5118024","subObjectId":"-1"},{"fields":[],"objectId":"5118025","subObjectId":"-1"},{"fields":[],"objectId":"5118026","subObjectId":"-1"},{"fields":[],"objectId":"5118027","subObjectId":"-1"},{"fields":[],"objectId":"5118028","subObjectId":"-1"},{"fields":[],"objectId":"5118028","subObjectId":"5118033"},{"fields":[],"objectId":"5118028","subObjectId":"5118022"},{"fields":[],"objectId":"5118028","subObjectId":"5118023"},{"fields":[],"objectId":"5118029","subObjectId":"-1"},{"fields":[],"objectId":"5118030","subObjectId":"-1"},{"fields":[],"objectId":"5118031","subObjectId":"-1"},{"fields":[],"objectId":"5118037","subObjectId":"-1"},{"fields":[],"objectId":"5118038","subObjectId":"-1"},{"fields":[],"objectId":"5118039","subObjectId":"-1"},{"fields":[],"objectId":"5118069","subObjectId":"-1"}],"type":"FieldLabel"},{"rows":[{"fields":[],"objectId":"5118043","subObjectId":"-1"},{"fields":[],"objectId":"20","subObjectId":"-1"}],"type":"ViewName"},{"rows":[{"fields":[],"objectId":"5118041","subObjectId":"-1"}],"type":"ReportName"}]},"schema":{"groups":[],"revision":null,"subTable":{},"table":{"fieldList":{"5118014":{"id":"5118014","label":"レコード番号","properties":{"noLabel":"false","required":"true"},"type":"RECORD_ID","var":"レコード番号"},"5118015":{"id":"5118015","label":"更新者","properties":{"noLabel":"false","required":"true"},"type":"MODIFIER","var":"更新者"},"5118016":{"id":"5118016","label":"作成者","properties":{"noLabel":"false","required":"true"},"type":"CREATOR","var":"作成者"},"5118017":{"id":"5118017","label":"更新日時","properties":{"noLabel":"false","required":"true"},"type":"MODIFIED_AT","var":"更新日時"},"5118018":{"id":"5118018","label":"作成日時","properties":{"noLabel":"false","required":"true"},"type":"CREATED_AT","var":"作成日時"},"5118019":{"id":"5118019","label":"ステータス","properties":{"noLabel":"false","required":"false"},"type":"STATUS","var":"ステータス"},"5118020":{"id":"5118020","label":"作業者","properties":{"noLabel":"false","required":"false"},"type":"STATUS_ASSIGNEE","var":"作業者"},"5118021":{"id":"5118021","label":"カテゴリー","properties":{"noLabel":"false","required":"false"},"type":"CATEGORY","var":"カテゴリー"},"5118024":{"id":"5118024","label":"order_id","properties":{"defaultValue":"","expression":"","hideExpression":"false","max":"64","min":null,"noLabel":"false","required":"true","unique":"true"},"type":"SINGLE_LINE_TEXT","var":"order_id"},"5118025":{"id":"5118025","label":"user_id","properties":{"defaultValue":"","expression":"","hideExpression":"false","max":null,"min":null,"noLabel":"false","required":"false","unique":"false"},"type":"SINGLE_LINE_TEXT","var":"user_id"},"5118026":{"id":"5118026","label":"title","properties":{"defaultValue":"","expression":"","hideExpression":"false","max":null,"min":null,"noLabel":"false","required":"false","unique":"false"},"type":"SINGLE_LINE_TEXT","var":"title"},"5118027":{"id":"5118027","label":"amount","properties":{"defaultValue":null,"digit":"true","displayScale":"0","max":null,"min":null,"noLabel":"false","required":"false","roundingMode":null,"scale":null,"unique":"false","unit":"¥","unitPosition":"BEFORE"},"type":"DECIMAL","var":"amount"},"5118028":{"id":"5118028","label":"pay_state","properties":{"defaultValue":null,"noLabel":"false","options":[{"id":"5118033","label":"ORDERED","valid":true},{"id":"5118022","label":"PAYING","valid":true},{"id":"5118023","label":"PAID","valid":true}],"required":"false"},"type":"SINGLE_SELECT","var":"pay_state"},"5118029":{"id":"5118029","label":"transaction_id","properties":{"defaultValue":"","expression":"","hideExpression":"false","max":null,"min":null,"noLabel":"false","required":"false","unique":"false"},"type":"SINGLE_LINE_TEXT","var":"transaction_id"},"5118030":{"id":"5118030","label":"ordered_date","properties":{"defaultExpression":null,"defaultValue":null,"noLabel":"false","required":"false","unique":"false"},"type":"DATETIME","var":"ordered_date"},"5118031":{"id":"5118031","label":"paid_date","properties":{"defaultExpression":null,"defaultValue":null,"noLabel":"false","required":"false","unique":"false"},"type":"DATETIME","var":"paid_date"},"5118037":{"id":"5118037","label":"shipping_fee_amount","properties":{"defaultValue":null,"digit":"false","displayScale":"0","max":null,"min":null,"noLabel":"false","required":"false","roundingMode":null,"scale":null,"unique":"false","unit":"¥","unitPosition":"BEFORE"},"type":"DECIMAL","var":"shipping_fee_amount"},"5118038":{"id":"5118038","label":"shipping_method","properties":{"defaultValue":"","expression":"","hideExpression":"false","max":null,"min":null,"noLabel":"false","required":"false","unique":"false"},"type":"SINGLE_LINE_TEXT","var":"shipping_method"},"5118039":{"id":"5118039","label":"currency","properties":{"defaultValue":"","expression":"","hideExpression":"false","max":null,"min":null,"noLabel":"false","required":"false","unique":"false"},"type":"SINGLE_LINE_TEXT","var":"currency"},"5118069":{"id":"5118069","label":"ordered_items","properties":{"noLabel":"false","required":"false"},"type":"REFERENCE_TABLE","var":"ordered_items"}},"id":"1","label":"__ROOT__","var":"__ROOT__"}},"status":{"actions":[],"filters":[],"initialStateId":null,"states":[],"useStatus":"false"},"uuid":"8704b3d4-cccb-4841-b405-36166f0852a3","views":[{"advancedMode":"false","builtinType":null,"device":null,"fields":[{"row":[{"id":"5118025"},{"id":"5118026"},{"id":"5118028"},{"id":"5118027"},{"id":"5118037"}]}],"filter":{"category":null,"offset":null,"order":["DESC"],"q":"f5118028 not in (\"5118023\")","size":null,"sort":["f5118014"]},"html":null,"keyFieldId":null,"name":"未決済一覧","pager":null,"revision":null,"titleFieldId":null,"view":"5118043","viewType":"LIST"},{"advancedMode":null,"builtinType":"ALL","device":null,"fields":[{"row":[{"id":"5118014"},{"id":"5118024"},{"id":"5118025"},{"id":"5118026"},{"id":"5118027"},{"id":"5118028"},{"id":"5118029"},{"id":"5118030"},{"id":"5118031"},{"id":"5118037"},{"id":"5118038"},{"id":"5118039"}]}],"filter":{"category":null,"offset":null,"order":[],"q":null,"size":null,"sort":[]},"html":null,"keyFieldId":null,"name":"（すべて）","pager":null,"revision":null,"titleFieldId":null,"view":"20","viewType":"LIST"}]},{"acl":{"app":[],"field":[],"record":[]},"app":null,"category":{"categories":[],"useCategory":"false"},"form":{"layout":"[{\"id\":null,\"type\":\"ROW\",\"isSubTable\":false,\"var\":null,\"controlList\":[{\"isVirtical\":true,\"styleMap\":{\"width\":193},\"type\":\"SINGLE_LINE_TEXT\",\"var\":\"order_id\",\"label\":\"order_id\"},{\"isVirtical\":true,\"styleMap\":{\"width\":192},\"type\":\"SINGLE_LINE_TEXT\",\"var\":\"user_id\",\"label\":\"user_id\"}]},{\"id\":null,\"type\":\"ROW\",\"isSubTable\":false,\"var\":null,\"controlList\":[{\"isVirtical\":true,\"styleMap\":{\"width\":193},\"type\":\"SINGLE_LINE_TEXT\",\"var\":\"item_id\",\"label\":\"item_id\"},{\"isVirtical\":true,\"styleMap\":{\"width\":192},\"type\":\"SINGLE_LINE_TEXT\",\"var\":\"item_name\",\"label\":\"item_name\"},{\"isVirtical\":true,\"styleMap\":{\"width\":192},\"type\":\"DECIMAL\",\"var\":\"unit_price\",\"label\":\"unit_price\"},{\"isVirtical\":true,\"styleMap\":{\"width\":192},\"type\":\"DECIMAL\",\"var\":\"quantity\",\"label\":\"quantity\"},{\"isVirtical\":true,\"styleMap\":{\"width\":192},\"type\":\"CALC\",\"var\":\"amount\",\"label\":\"amount\"}]}]","revision":null},"iconMeta":null,"info":{"automaticallyChooseTitleComponent":"true","code":null,"decimalPrecision":"16","decimalScale":"4","description":"\u003Cdiv\u003ELINE Pay ハンズオン用の注文情報管理アプリ\u003C/div\u003E","enableBulkDeletion":"false","fiscalYearStartMonth":"4","iconKey":"APP39","iconType":"PRESET","jsFiles":null,"jsScope":"ALL","name":"HandsOnPayBot 注文情報","roundingMode":"HALF_EVEN","theme":"PLAIN","titleComponentLocalId":null,"useComment":"true","useHistory":"true","useThumbnail":"true"},"jsFiles":[],"notification":{"appNotifications":[{"events":["RECORD_COMMENT_ADDED"],"target":{"entityId":"5118047","entityType":"FIELD_ENTITY","includeSubs":"false"}},{"events":["RECORD_COMMENT_ADDED"],"target":{"entityId":"5118048","entityType":"FIELD_ENTITY","includeSubs":"false"}}],"recordNotifications":[],"reminderTimezone":null,"reminders":[],"useComment":"true","useReminder":"false"},"plugin":{"pluginIds":[]},"reports":[{"advancedMode":"false","filter":{"category":null,"offset":null,"order":[],"q":null,"size":null,"sort":[]},"isAborted":null,"name":"商品別売上グラフ","processType":null,"report":"5118068","reportType":"SUBTOTAL","revision":null,"settings":"{\"groups\":[{\"id\":\"5118056\",\"op\":null}],\"summaries\":[{\"op\":\"SUM\",\"id\":\"5118060\"}],\"chartType\":\"column\",\"stackType\":\"clustered\",\"sort\":[\"s0\"],\"order\":[\"DESC\"]}","tallyPeriod":null,"tallyStartDateTime":null}],"resource":{"tables":[{"rows":[{"fields":[],"objectId":"0","subObjectId":"-1"}],"type":"AppName"},{"rows":[{"fields":[],"objectId":"0","subObjectId":"-1"}],"type":"AppDescription"},{"rows":[{"fields":[],"objectId":"5118046","subObjectId":"-1"},{"fields":[],"objectId":"5118047","subObjectId":"-1"},{"fields":[],"objectId":"5118048","subObjectId":"-1"},{"fields":[],"objectId":"5118049","subObjectId":"-1"},{"fields":[],"objectId":"5118050","subObjectId":"-1"},{"fields":[],"objectId":"5118051","subObjectId":"-1"},{"fields":[],"objectId":"5118052","subObjectId":"-1"},{"fields":[],"objectId":"5118053","subObjectId":"-1"},{"fields":[],"objectId":"5118054","subObjectId":"-1"},{"fields":[],"objectId":"5118055","subObjectId":"-1"},{"fields":[],"objectId":"5118056","subObjectId":"-1"},{"fields":[],"objectId":"5118057","subObjectId":"-1"},{"fields":[],"objectId":"5118058","subObjectId":"-1"},{"fields":[],"objectId":"5118059","subObjectId":"-1"},{"fields":[],"objectId":"5118060","subObjectId":"-1"}],"type":"FieldLabel"},{"rows":[{"fields":[],"objectId":"20","subObjectId":"-1"}],"type":"ViewName"},{"rows":[{"fields":[],"objectId":"5118068","subObjectId":"-1"}],"type":"ReportName"}]},"schema":{"groups":[],"revision":null,"subTable":{},"table":{"fieldList":{"5118046":{"id":"5118046","label":"レコード番号","properties":{"noLabel":"false","required":"true"},"type":"RECORD_ID","var":"レコード番号"},"5118047":{"id":"5118047","label":"更新者","properties":{"noLabel":"false","required":"true"},"type":"MODIFIER","var":"更新者"},"5118048":{"id":"5118048","label":"作成者","properties":{"noLabel":"false","required":"true"},"type":"CREATOR","var":"作成者"},"5118049":{"id":"5118049","label":"更新日時","properties":{"noLabel":"false","required":"true"},"type":"MODIFIED_AT","var":"更新日時"},"5118050":{"id":"5118050","label":"作成日時","properties":{"noLabel":"false","required":"true"},"type":"CREATED_AT","var":"作成日時"},"5118051":{"id":"5118051","label":"ステータス","properties":{"noLabel":"false","required":"false"},"type":"STATUS","var":"ステータス"},"5118052":{"id":"5118052","label":"作業者","properties":{"noLabel":"false","required":"false"},"type":"STATUS_ASSIGNEE","var":"作業者"},"5118053":{"id":"5118053","label":"カテゴリー","properties":{"noLabel":"false","required":"false"},"type":"CATEGORY","var":"カテゴリー"},"5118054":{"id":"5118054","label":"order_id","properties":{"defaultValue":"","expression":"","hideExpression":"false","max":null,"min":null,"noLabel":"false","required":"false","unique":"false"},"type":"SINGLE_LINE_TEXT","var":"order_id"},"5118055":{"id":"5118055","label":"user_id","properties":{"defaultValue":"","expression":"","hideExpression":"false","max":null,"min":null,"noLabel":"false","required":"false","unique":"false"},"type":"SINGLE_LINE_TEXT","var":"user_id"},"5118056":{"id":"5118056","label":"item_id","properties":{"defaultValue":"","expression":"","hideExpression":"false","max":null,"min":null,"noLabel":"false","required":"false","unique":"false"},"type":"SINGLE_LINE_TEXT","var":"item_id"},"5118057":{"id":"5118057","label":"item_name","properties":{"defaultValue":"","expression":"","hideExpression":"false","max":null,"min":null,"noLabel":"false","required":"false","unique":"false"},"type":"SINGLE_LINE_TEXT","var":"item_name"},"5118058":{"id":"5118058","label":"unit_price","properties":{"defaultValue":null,"digit":"false","displayScale":null,"max":null,"min":null,"noLabel":"false","required":"false","roundingMode":null,"scale":null,"unique":"false","unit":"¥","unitPosition":"BEFORE"},"type":"DECIMAL","var":"unit_price"},"5118059":{"id":"5118059","label":"quantity","properties":{"defaultValue":null,"digit":"false","displayScale":null,"max":null,"min":null,"noLabel":"false","required":"false","roundingMode":null,"scale":null,"unique":"false","unit":"個","unitPosition":"AFTER"},"type":"DECIMAL","var":"quantity"},"5118060":{"id":"5118060","label":"amount","properties":{"displayScale":null,"expression":"unit_price * quantity","format":"NUMBER","hideExpression":"false","noLabel":"false","required":"false","roundingMode":null,"scale":null,"unit":"¥","unitPosition":"BEFORE"},"type":"CALC","var":"amount"}},"id":"1","label":"__ROOT__","var":"__ROOT__"}},"status":{"actions":[],"filters":[],"initialStateId":null,"states":[],"useStatus":"false"},"uuid":"546719bc-5632-45a2-a75e-620bd70a6470","views":[{"advancedMode":null,"builtinType":"ALL","device":null,"fields":[{"row":[{"id":"5118046"},{"id":"5118054"},{"id":"5118055"},{"id":"5118056"},{"id":"5118057"},{"id":"5118058"},{"id":"5118059"},{"id":"5118060"}]}],"filter":{"category":null,"offset":null,"order":[],"q":null,"size":null,"sort":[]},"html":null,"keyFieldId":null,"name":"（すべて）","pager":null,"revision":null,"titleFieldId":null,"view":"20","viewType":"LIST"}]}],"description":"LINE Pay ハンズオン用のアプリテンプレート","iconKey":"APP85","iconMeta":null,"iconSrcAppId":"8704b3d4-cccb-4841-b405-36166f0852a3","iconType":"PRESET","imagesMeta":[],"lookups":[],"name":"HandsOnPayBotApps","references":[{"actingAppId":"8704b3d4-cccb-4841-b405-36166f0852a3","filterInputFieldId":"5118024","filterMasterFieldId":"5118054","masterFieldIds":["5118057","5118058","5118059","5118060"],"query":{"category":null,"offset":null,"order":["desc"],"q":"order by f5118046 desc","size":null,"sort":["f5118046"]},"size":"5","targetAppId":"546719bc-5632-45a2-a75e-620bd70a6470","vtComponentLocalId":"5118069"}],"version":"26"}